city,editionId,name,year
London,"edition::acm sigmobile international conference on mobile systems, applications, and services::2012","ACM SIGMOBILE International Conference on Mobile Systems, Applications, and Services",2012
Sydney,edition::(jems) jurnal entrepreneur dan manajemen sains::2022,(JEMS) Jurnal Entrepreneur dan Manajemen Sains,2022
Sydney,edition::iet renewable power generation::2019,IET Renewable Power Generation,2019
Berlin,edition::earth systems and environment::2025,Earth Systems and Environment,2025
London,edition::marine policy::2022,Marine Policy,2022
Berlin,edition::video journal of biomedicine::2023,Video Journal of Biomedicine,2023
London,"edition::2025 5th international conference on innovative research in applied science, engineering and technology (iraset)::2025","2025 5th International Conference on Innovative Research in Applied Science, Engineering and Technology (IRASET)",2025
Paris,edition::2014 ieee international conference on pervasive computing and communication workshops (percom workshops)::2014,2014 IEEE International Conference on Pervasive Computing and Communication Workshops (PERCOM WORKSHOPS),2014
Berlin,edition::proceedings of the 2019 european conference on computing in construction::2019,Proceedings of the 2019 European Conference on Computing in Construction,2019
Singapore,edition::ukrainian journal on library and information science::2018,Ukrainian Journal on Library and Information Science,2018
Sydney,edition::2020 5th international conference on electromechanical control technology and transportation (icectt)::2020,2020 5th International Conference on Electromechanical Control Technology and Transportation (ICECTT),2020
Tokyo,edition::journal of hypertension::2023,Journal of Hypertension,2023
Sydney,edition::weed science::1996,Weed science,1996
Berlin,edition::asian-australasian journal of food safety and security::2020,Asian-Australasian journal of food safety and security,2020
Paris,edition::forests::2019,Forests,2019
Paris,edition::international journal of agriculture environment and bioresearch::2020,International Journal of Agriculture Environment and Bioresearch,2020
Singapore,edition::anesthesia and analgesia::2019,Anesthesia and Analgesia,2019
Barcelona,edition::british journal of surgery::2021,British Journal of Surgery,2021
Barcelona,edition::international conference on intelligent cloud computing::2025,International Conference on Intelligent Cloud Computing,2025
Barcelona,edition::british journal of dermatology::2000,British Journal of Dermatology,2000
New York,edition::problems and perspectives in management::2023,Problems and Perspectives in Management,2023
Sydney,edition::kanzo::2021,Kanzo,2021
London,edition::fisheries research::2018,Fisheries Research,2018
London,edition::indian journal of neurotrauma::2021,Indian Journal of Neurotrauma,2021
Sydney,edition::journal of the japanese association of rural medicine::2019,JOURNAL OF THE JAPANESE ASSOCIATION OF RURAL MEDICINE,2019
Singapore,edition::internal medicine journal (print)::2015,Internal medicine journal (Print),2015
Barcelona,edition::jane - jurnal administrasi negara::2022,JANE - Jurnal Administrasi Negara,2022
New York,edition::frontiers in oncology::2021,Frontiers in Oncology,2021
London,edition::international journal of productivity and performance management::2022,International Journal of Productivity and Performance Management,2022
Tokyo,edition::bmc medical education::2020,BMC Medical Education,2020
Berlin,edition::lecture notes in computer science::1996,Lecture Notes in Computer Science,1996
Berlin,edition::lékař a technika::2020,Lékař a technika,2020
Barcelona,edition::transportation research part c: emerging technologies::2019,Transportation Research Part C: Emerging Technologies,2019
New York,"edition::ieee uttar pradesh section international conference on electrical, computer and electronics engineering::2021","IEEE Uttar Pradesh Section International Conference on Electrical, Computer and Electronics Engineering",2021
Barcelona,edition::the international journal of science and society::2022,The International Journal of Science and Society,2022
Berlin,edition::intelligent systems and networks::2021,Intelligent Systems and Networks,2021
Barcelona,edition::diversity::2023,Diversity,2023
Tokyo,"edition::nephrology, dialysis and transplantation::2020","Nephrology, Dialysis and Transplantation",2020
London,edition::american journal of industrial and business management::2022,American Journal of Industrial and Business Management,2022
Barcelona,edition::journal of soil and water conservation::2011,Journal of Soil and Water Conservation,2011
New York,edition::jurnal manajemen agribisnis (journal of agribusiness management)::2021,JURNAL MANAJEMEN AGRIBISNIS (Journal Of Agribusiness Management),2021
Paris,edition::apcc/mdmc '04. the 2004 joint conference of the 10th asia-pacific conference on communications and the 5th international symposium on multi-dimensional mobile communications proceeding::2004,APCC/MDMC '04. The 2004 Joint Conference of the 10th Asia-Pacific Conference on Communications and the 5th International Symposium on Multi-Dimensional Mobile Communications Proceeding,2004
Berlin,edition::proceedings of the 8th international congress on environmental geotechnics volume 2::2018,Proceedings of the 8th International Congress on Environmental Geotechnics Volume 2,2018
Paris,edition::applied sciences::2022,Applied Sciences,2022
Sydney,edition::lecture notes in computer science::2003,Lecture Notes in Computer Science,2003
Tokyo,"edition::2009 ieee international symposium on a world of wireless, mobile and multimedia networks & workshops::2009","2009 IEEE International Symposium on a World of Wireless, Mobile and Multimedia Networks & Workshops",2009
Sydney,edition::revista argentina de cardiología::2018,Revista Argentina de Cardiología,2018
Singapore,edition::tree genetics & genomes::2014,Tree Genetics & Genomes,2014
Barcelona,edition::osteoporosis international::2017,Osteoporosis International,2017
Sydney,edition::european journal of forest research::2012,European Journal of Forest Research,2012
Sydney,edition::nature genetics::1998,Nature Genetics,1998
Paris,edition::revista amazonía investiga::2021,Revista Amazonía investiga,2021
Tokyo,edition::proceedings of the 6th international conference on management science and management innovation (msmi 2019)::2019,Proceedings of the 6th International Conference on Management Science and Management Innovation (MSMI 2019),2019
Barcelona,edition::international workshop on quality of service::2010,International Workshop on Quality of Service,2010
Barcelona,edition::2025 7th international conference on electrical engineering and control technologies (ceect)::2025,2025 7th International Conference on Electrical Engineering and Control Technologies (CEECT),2025
New York,"edition::international conference on wireless communications, networking and mobile computing::2008","International Conference on Wireless Communications, Networking and Mobile Computing",2008
Singapore,edition::zbornik radova::2024,Zbornik radova,2024
New York,edition::bmj global health::2016,BMJ Global Health,2016
Sydney,edition::revista interamericana de bibliotecología::2018,Revista Interamericana de Bibliotecología,2018
Paris,edition::indian journal of gastroenterology::2021,Indian Journal of Gastroenterology,2021
Sydney,edition::cases on digital strategies and management issues in modern organizations::2022,Cases on Digital Strategies and Management Issues in Modern Organizations,2022
Tokyo,edition::journal of pure and applied microbiology::2021,Journal of Pure and Applied Microbiology,2021
Berlin,edition::international journal of academic research in business and social sciences::2019,International Journal of Academic Research in Business and Social Sciences,2019
London,edition::jurnal teknologi  dan sistem informasi bisnis::2021,Jurnal Teknologi  Dan Sistem Informasi Bisnis,2021
Berlin,edition::new directions in cultural policy research::2021,New Directions in Cultural Policy Research,2021
Sydney,edition::asia pacific journal of tourism research::2018,Asia Pacific Journal of Tourism Research,2018
Singapore,"edition::international conference on intelligent transportation, big data and smart city::2020","International Conference on Intelligent Transportation, Big Data and Smart City",2020
New York,edition::international journal of ethics and systems::2021,International Journal of Ethics and Systems,2021
New York,edition::gut::2012,Gut,2012
Tokyo,edition::hydrobiologia::2005,Hydrobiologia,2005
London,edition::pharmaceutical medicine::2020,Pharmaceutical Medicine,2020
Barcelona,edition::ieee conference of russian young researchers in electrical and electronic engineering::2019,IEEE Conference of Russian Young Researchers in Electrical and Electronic Engineering,2019
Sydney,edition::international journal of advances in scientific research and engineering::2019,International Journal of Advances in Scientific Research and Engineering,2019
Tokyo,edition::african journal of range and forage science::2020,African Journal of Range and Forage Science,2020
London,edition::hydrobiologia::2002,Hydrobiologia,2002
Berlin,edition::simulations in medicine::2020,Simulations in Medicine,2020
Singapore,edition::le journal de la renaissance::2018,Le Journal de la Renaissance,2018
London,edition::aquatic sciences::2015,Aquatic Sciences,2015
Tokyo,edition::anesthesia and analgesia::1999,Anesthesia and Analgesia,1999
Tokyo,edition::journal of contingencies and crisis management::2020,Journal of Contingencies and Crisis Management,2020
London,edition::highlights in science engineering and technology::2022,Highlights in Science Engineering and Technology,2022
Sydney,"edition::2012 international conference on smart grid technology, economics and policies (sg-tep)::2012","2012 International Conference on Smart Grid Technology, Economics and Policies (SG-TEP)",2012
Sydney,edition::agricultural water management::2018,Agricultural Water Management,2018
Sydney,edition::international journal artificial intelligent and informatics::2018,International Journal Artificial Intelligent and Informatics,2018
Berlin,edition::jurnal basicedu::2021,Jurnal Basicedu,2021
Singapore,edition::south florida journal of development::2021,South Florida Journal of Development,2021
Singapore,edition::thermal science::2020,Thermal Science,2020
Tokyo,edition::international journal of advanced research::2023,International Journal of Advanced Research,2023
Sydney,edition::sustainability::2021,Sustainability,2021
London,edition::teaching english and language learning english journal (telle)::2021,Teaching English and Language Learning English Journal (TELLE),2021
Paris,edition::bmj supportive & palliative care::2014,BMJ Supportive & Palliative Care,2014
Singapore,edition::journal of pharmaceutical research international::2021,Journal of Pharmaceutical Research International,2021
Singapore,edition::journal of soil and water conservation::2019,Journal of Soil and Water Conservation,2019
Tokyo,edition::pharmaceutical & diagnostic innovation::2012,Pharmaceutical & Diagnostic Innovation,2012
Tokyo,"edition::journal of the geographical institute jovan cvijic, sasa::2019","Journal of the Geographical Institute Jovan Cvijic, SASA",2019
Sydney,edition::ssr institute of international journal of life sciences::2019,SSR Institute of International Journal of Life Sciences,2019
Berlin,edition::agricultural science::2021,Agricultural Science,2021
Paris,edition::e3s web of conferences::2020,E3S Web of Conferences,2020
Barcelona,edition::american journal of perinatology reports::2019,American Journal of Perinatology Reports,2019
Sydney,edition::british medical journal::2003,British medical journal,2003
Barcelona,edition::2025 ieee 5th international conference on sustainable energy and future electric transportation (sefet)::2025,2025 IEEE 5th International Conference on Sustainable Energy and Future Electric Transportation (SEFET),2025
Sydney,edition::cdmw '12::2012,CDMW '12,2012
New York,"edition::synergizing management, technology and innovation in generating sustainable and competitive business growth::2021","Synergizing Management, Technology and Innovation in Generating Sustainable and Competitive Business Growth",2021
Sydney,"edition::the journal of nutrition, health & aging::2020","The Journal of Nutrition, Health & Aging",2020
Tokyo,edition::proceedings of the 2024 6th blockchain and internet of things conference::2024,Proceedings of the 2024 6th Blockchain and Internet of Things Conference,2024
Tokyo,edition::biodiversity information science and standards::2019,Biodiversity Information Science and Standards,2019
Paris,edition::iforest : biogeosciences and forestry::2018,iForest : Biogeosciences and Forestry,2018
Sydney,"edition::2025 2nd international conference on software, systems and information technology (ssitcon)::2025","2025 2nd International Conference on Software, Systems and Information Technology (SSITCON)",2025
New York,edition::rheumatology::2019,Rheumatology,2019
Barcelona,"edition::sustainability accounting, management and policy journal::2023","Sustainability Accounting, Management and Policy Journal",2023
New York,edition::north american journal of fisheries management::2018,North American Journal of Fisheries Management,2018
London,edition::iop conference series: earth and environment::2019,IOP Conference Series: Earth and Environment,2019
Tokyo,edition::cureus::2021,Cureus,2021
Singapore,edition::free radical biology & medicine::2020,Free Radical Biology & Medicine,2020
Barcelona,edition::cardiovascular and interventional radiology::2017,Cardiovascular and Interventional Radiology,2017
Sydney,edition::water::2020,Water,2020
Berlin,edition::abi-technik::2021,ABI-Technik,2021
London,"edition::industrielle beziehungen. zeitschrift für arbeit, organisation und management::2022","Industrielle Beziehungen. Zeitschrift für Arbeit, Organisation und Management",2022
New York,edition::technical  mechanics::2021,Technical  mechanics,2021
Tokyo,edition::proceedings of the international academic conference on frontiers in social sciences and management innovation (iafsm 2019)::2020,Proceedings of the International Academic Conference on Frontiers in Social Sciences and Management Innovation (IAFSM 2019),2020
Singapore,edition::proceedings of the 29th eg-ice international workshop on intelligent computing in engineering::2022,Proceedings of the 29th EG-ICE International Workshop on Intelligent Computing in Engineering,2022
Barcelona,edition::encyclopedia of personality and individual differences::2020,Encyclopedia of Personality and Individual Differences,2020
Sydney,edition::future foods::2021,Future Foods,2021
Tokyo,edition::international journal of current science research and review::2022,International Journal of Current Science Research and Review,2022
Sydney,edition::international conference on measuring technology and mechatronics automation::2016,International Conference on Measuring Technology and Mechatronics Automation,2016
New York,edition::information security solutions europe::2012,Information Security Solutions Europe,2012
Singapore,edition::e3s web of conferences::2021,E3S Web of Conferences,2021
Sydney,edition::systems and information engineering design symposium::2024,Systems and Information Engineering Design Symposium,2024
Paris,"edition::2021 9th international conference on reliability, infocom technologies and optimization (trends and future directions) (icrito)::2021","2021 9th International Conference on Reliability, Infocom Technologies and Optimization (Trends and Future Directions) (ICRITO)",2021
Tokyo,edition::the jps jewish heritage torah commentary::2021,The JPS Jewish Heritage Torah Commentary,2021
Paris,edition::2017 23rd annual international conference in advanced computing and communications (adcom)::2017,2017 23RD Annual International Conference in Advanced Computing and Communications (ADCOM),2017
Tokyo,edition::ieee international conference on industrial engineering and engineering management::2009,IEEE International Conference on Industrial Engineering and Engineering Management,2009
Singapore,edition::energies::2018,Energies,2018
New York,edition::applied sciences::2020,Applied Sciences,2020
Singapore,edition::international journal of technology assessment in health care::2019,International Journal of Technology Assessment in Health Care,2019
Berlin,edition::agronomy::2020,Agronomy,2020
Paris,"edition::2023 ieee international conference on electrical, automation and computer engineering (iceace)::2023","2023 IEEE International Conference on Electrical, Automation and Computer Engineering (ICEACE)",2023
Tokyo,edition::international conference on industrial mechatronics and automation::2010,International Conference on Industrial Mechatronics and Automation,2010
Paris,edition::gut::2022,Gut,2022
London,edition::journal of applied ecology::2020,Journal of Applied Ecology,2020
New York,edition::british journal of healthcare management::2021,British Journal of Healthcare Management,2021
Sydney,edition::journal of hydrology::2018,Journal of Hydrology,2018
Sydney,edition::2012 international conference on computer vision in remote sensing::2012,2012 International Conference on Computer Vision in Remote Sensing,2012
Sydney,edition::designs::2022,Designs,2022
Berlin,edition::innovation in aging::2019,Innovation in aging,2019
Paris,edition::photonics europe::2010,Photonics Europe,2010
Barcelona,edition::coral reefs::2005,Coral reefs,2005
London,edition::herpetological monographs::2017,Herpetological Monographs,2017
Tokyo,edition::biorxiv::2019,bioRxiv,2019
Barcelona,edition::proceedings of the international scientific and practical conference strategy of development of regional ecosystems “education-science-industry” (ispcr 2021)::2022,Proceedings of the International Scientific and Practical Conference Strategy of Development of Regional Ecosystems “Education-Science-Industry” (ISPCR 2021),2022
Sydney,edition::asian journal of agricultural extension economics & sociology::2019,Asian Journal of Agricultural Extension Economics & Sociology,2019
New York,edition::journal of physics: conference series::2019,Journal of Physics: Conference Series,2019
Barcelona,edition::british journal of surgery::2022,British Journal of Surgery,2022
Berlin,edition::chemical engineering research & design::2018,Chemical engineering research & design,2018
Paris,edition::pakistan journal of medical &amp; health sciences::2022,Pakistan Journal of Medical &amp; Health Sciences,2022
Paris,edition::proceedings of the 2025 international conference on economic management and big data application::2025,Proceedings of the 2025 International Conference on Economic Management and Big Data Application,2025
Singapore,edition::archives of physical medicine and rehabilitation::2022,Archives of Physical Medicine and Rehabilitation,2022
Paris,edition::logistik im wandel der zeit – von der produktionssteuerung zu vernetzten supply chains::2019,Logistik im Wandel der Zeit – Von der Produktionssteuerung zu vernetzten Supply Chains,2019
Berlin,edition::international conference on recent trends in information technology::2011,International Conference on Recent Trends in Information Technology,2011
Sydney,edition::journal of lightwave technology::2016,Journal of Lightwave Technology,2016
Tokyo,edition::geological society london engineering geology special publications::1996,Geological Society London Engineering Geology Special Publications,1996
New York,edition::2024 opju international technology conference (otcon) on smart computing for innovation and advancement in industry 4.0::2024,2024 OPJU International Technology Conference (OTCON) on Smart Computing for Innovation and Advancement in Industry 4.0,2024
Barcelona,edition::2025 world skills conference on universal data analytics and sciences (worldsuas)::2025,2025 World Skills Conference on Universal Data Analytics and Sciences (WorldSUAS),2025
New York,edition::neurology clinical practice::2017,Neurology Clinical Practice,2017
Barcelona,edition::veterinary anatomy and physiology::2019,Veterinary Anatomy and Physiology,2019
Paris,"edition::2021 joint international conference on digital arts, media and technology with ecti northern section conference on electrical, electronics, computer and telecommunication engineering::2021","2021 Joint International Conference on Digital Arts, Media and Technology with ECTI Northern Section Conference on Electrical, Electronics, Computer and Telecommunication Engineering",2021
Tokyo,edition::european urology::2011,European Urology,2011
Barcelona,edition::2023 8th international conference on cloud computing and big data analytics (icccbda)::2023,2023 8th International Conference on Cloud Computing and Big Data Analytics (ICCCBDA),2023
Berlin,edition::czech journal of civil engineering::2017,Czech Journal of Civil Engineering,2017
Singapore,edition::international journal of entertainment technology and management::2020,International Journal of Entertainment Technology and Management,2020
Barcelona,edition::international symposium on medical simulation::2013,International Symposium on Medical Simulation,2013
London,edition::online international conference on green engineering and technologies::2016,Online International Conference on Green Engineering and Technologies,2016
New York,"edition::proceedings. 2005 ieee intelligent transportation systems, 2005.::2005","Proceedings. 2005 IEEE Intelligent Transportation Systems, 2005.",2005
Tokyo,edition::international conference on advanced communication technology::2008,International Conference on Advanced Communication Technology,2008
New York,edition::2025 11th international conference on wireless and telematics (icwt)::2025,2025 11th International Conference on Wireless and Telematics (ICWT),2025
Tokyo,edition::asian test symposium::2018,Asian Test Symposium,2018
New York,edition::international journal of computer trends and technology::2019,International Journal of Computer Trends and Technology,2019
London,"edition::international conference on cryptography, security and privacy::2015","International Conference on Cryptography, Security and Privacy",2015
Singapore,edition::open forum infectious diseases::2019,Open Forum Infectious Diseases,2019
New York,edition::ieee india conference::2013,IEEE India Conference,2013
Singapore,edition::international workshop on the semantic web::2013,International Workshop on the Semantic Web,2013
Barcelona,edition::international conference on informatics and analytics::2008,International Conference on Informatics and Analytics,2008
Barcelona,edition::sustainability science::2020,Sustainability Science,2020
Barcelona,edition::world congress on information and communication technologies::2011,World Congress on Information and Communication Technologies,2011
Barcelona,"edition::international workshop on databases, information systems, and peer-to-peer computing::2005","International Workshop on Databases, Information Systems, and Peer-to-Peer Computing",2005
New York,edition::icpr workshops::2021,ICPR Workshops,2021
Barcelona,edition::international conference on advances in ict for emerging regions::2016,International Conference on Advances in ICT for Emerging Regions,2016
Berlin,edition::acm sigspatial international workshop on advances in geographic information systems::2011,ACM SIGSPATIAL International Workshop on Advances in Geographic Information Systems,2011
Berlin,edition::international workshop on semantic evaluation::2022,International Workshop on Semantic Evaluation,2022
London,edition::2007 ieee international workshop on databases for next generation researchers::2007,2007 IEEE International Workshop on Databases for Next Generation Researchers,2007
Singapore,edition::acm sigspatial international workshop on advances in geographic information systems::2002,ACM SIGSPATIAL International Workshop on Advances in Geographic Information Systems,2002
Tokyo,edition::workshop on computational geometry::1991,Workshop on Computational Geometry,1991
Sydney,edition::2021 2nd international conference on secure cyber computing and communications (icsccc)::2021,2021 2nd International Conference on Secure Cyber Computing and Communications (ICSCCC),2021
New York,edition::journal of clinical oncology::2019,Journal of Clinical Oncology,2019
London,edition::international conference on neural networks and brain::2005,International Conference on Neural Networks and Brain,2005
London,edition::2014 ieee international conference on data mining workshop::2014,2014 IEEE International Conference on Data Mining Workshop,2014
Sydney,"edition::international conference on modeling, simulation, and applied optimization::2017","International Conference on Modeling, Simulation, and Applied Optimization",2017
Barcelona,edition::annals of internal medicine::1993,Annals of Internal Medicine,1993
Singapore,edition::international conferences on biomedical and bioinformatics engineering::2009,International Conferences on Biomedical and Bioinformatics Engineering,2009
Berlin,edition::encyclopedia of data warehousing and mining::2009,Encyclopedia of Data Warehousing and Mining,2009
Berlin,edition::confluence::2020,Confluence,2020
Singapore,edition::2015 international conference on pervasive computing (icpc)::2015,2015 International Conference on Pervasive Computing (ICPC),2015
Paris,edition::proceedings of the sriwijaya international conference on information technology and its applications (siconian 2019)::2020,Proceedings of the Sriwijaya International Conference on Information Technology and Its Applications (SICONIAN 2019),2020
Berlin,edition::proceedings of 7th international conference and workshop on database and expert systems applications: dexa 96::1996,Proceedings of 7th International Conference and Workshop on Database and Expert Systems Applications: DEXA 96,1996
Berlin,edition::smart::2023,SMART,2023
Sydney,edition::2022 3rd international conference on smart electronics and communication (icosec)::2022,2022 3rd International Conference on Smart Electronics and Communication (ICOSEC),2022
Tokyo,edition::yoga mimamsa::2022,Yoga Mimamsa,2022
London,edition::proceedings. the ieee 5th international conference on intelligent transportation systems::2002,Proceedings. The IEEE 5th International Conference on Intelligent Transportation Systems,2002
Barcelona,edition::2012 second international workshop on developing tools as plug-ins (topi)::2012,2012 Second International Workshop on Developing Tools as Plug-Ins (TOPI),2012
Singapore,"edition::day 3 thu, may 09, 2024::2024","Day 3 Thu, May 09, 2024",2024
Sydney,edition::2024 ieee international conference on intelligent signal processing and effective communication technologies (inspect)::2024,2024 IEEE International Conference on Intelligent Signal Processing and Effective Communication Technologies (INSPECT),2024
New York,edition::journal of clinical oncology::2021,Journal of Clinical Oncology,2021
New York,edition::proceedings of the 4th international workshop on knowledge-augmented methods for natural language processing::2025,Proceedings of the 4th International Workshop on Knowledge-Augmented Methods for Natural Language Processing,2025
Sydney,edition::big data in bioeconomy::2021,Big Data in Bioeconomy,2021
Singapore,edition::2016 advances in wireless and optical communications (rtuwo)::2016,2016 Advances in Wireless and Optical Communications (RTUWO),2016
Barcelona,edition::lecture notes in computer science::2016,Lecture Notes in Computer Science,2016
Singapore,edition::pharmacy world & science::2004,Pharmacy World & Science,2004
Sydney,"edition::2025 6th international conference on big data, artificial intelligence and internet of things engineering (icbaie)::2025","2025 6th International Conference on Big Data, Artificial Intelligence and Internet of Things Engineering (ICBAIE)",2025
Sydney,edition::international conference intelligent computing and control systems::2023,International Conference Intelligent Computing and Control Systems,2023
Berlin,edition::spie defense + commercial sensing::2003,SPIE Defense + Commercial Sensing,2003
New York,edition::2021 ieee international conference on artificial intelligence and computer applications (icaica)::2021,2021 IEEE International Conference on Artificial Intelligence and Computer Applications (ICAICA),2021
Berlin,edition::acm sigspatial international workshop on advances in geographic information systems::1998,ACM SIGSPATIAL International Workshop on Advances in Geographic Information Systems,1998
Sydney,edition::oceans::2009,Oceans,2009
London,edition::ieee india conference::2016,IEEE India Conference,2016
London,edition::abstracts of the ica::2019,Abstracts of the ICA,2019
New York,edition::2022 international conference on electronics and renewable systems (icears)::2022,2022 International Conference on Electronics and Renewable Systems (ICEARS),2022
Barcelona,edition::journal of clinical oncology::2023,Journal of Clinical Oncology,2023
Barcelona,edition::confluence::2019,Confluence,2019
London,edition::journal of optometry::2022,Journal of Optometry,2022
New York,edition::2022 global reliability and prognostics and health management (phm-yantai)::2022,2022 Global Reliability and Prognostics and Health Management (PHM-Yantai),2022
Tokyo,edition::2011 ieee international conference on bioinformatics and biomedicine workshops (bibmw)::2011,2011 IEEE International Conference on Bioinformatics and Biomedicine Workshops (BIBMW),2011
Singapore,edition::proceedings. tenth international workshop on database and expert systems applications. dexa 99::1999,Proceedings. Tenth International Workshop on Database and Expert Systems Applications. DEXA 99,1999
Sydney,edition::international journal of computer trends and technology::2018,International Journal of Computer Trends and Technology,2018
Berlin,edition::bmc neuroscience::2012,BMC Neuroscience,2012
Singapore,edition::ankara hacı bayram veli üniversitesi i̇ktisadi ve i̇dari bilimler fakültesi dergisi::2022,Ankara Hacı Bayram Veli Üniversitesi İktisadi ve İdari Bilimler Fakültesi Dergisi,2022
Tokyo,edition::international workshop on document analysis systems::2016,International Workshop on Document Analysis Systems,2016
London,edition::applied sciences::2023,Applied Sciences,2023
New York,edition::2024 6th international conference on frontier technologies of information and computer (icftic)::2024,2024 6th International Conference on Frontier Technologies of Information and Computer (ICFTIC),2024
Barcelona,edition::asset analytics::2019,Asset Analytics,2019
Sydney,edition::international workshop on multiple classifier systems::2010,International Workshop on Multiple Classifier Systems,2010
London,edition::circulation::2020,Circulation,2020
Paris,edition::blood::2018,Blood,2018
London,edition::ieee joint international information technology and artificial intelligence conference::2020,IEEE Joint International Information Technology and Artificial Intelligence Conference,2020
Paris,edition::otm workshops::2004,OTM Workshops,2004
Sydney,edition::geofluids::2021,Geofluids,2021
Sydney,edition::2012 ieee symposium on robotics and applications (isra)::2012,2012 IEEE Symposium on Robotics and Applications (ISRA),2012
New York,edition::international journal for research in applied science and engineering technology::2019,International Journal for Research in Applied Science and Engineering Technology,2019
New York,edition::international journal of retail & distribution management::2021,International Journal of Retail & Distribution Management,2021
Tokyo,edition::environmental evidence::2021,Environmental Evidence,2021
Barcelona,edition::asia pacific symposium on intelligent and evolutionary systems::2025,Asia Pacific Symposium on Intelligent and Evolutionary Systems,2025
Berlin,edition::new trends of research in ontologies and lexical resources::2013,New Trends of Research in Ontologies and Lexical Resources,2013
London,edition::lecture notes in computer science::2015,Lecture Notes in Computer Science,2015
New York,edition::academic psychiatry::2022,Academic Psychiatry,2022
London,edition::frontiers in education conference::2025,Frontiers in Education Conference,2025
Paris,edition::east/west database workshop::1990,East/West Database Workshop,1990
Sydney,edition::defense + commercial sensing::2012,Defense + Commercial Sensing,2012
London,edition::international workshop on the semantic web::2008,International Workshop on the Semantic Web,2008
Tokyo,edition::indonesian journal of electrical engineering and computer science::2019,Indonesian Journal of Electrical Engineering and Computer Science,2019
Tokyo,edition::the superior journal of physical therapy and rehabilitation::2023,The Superior Journal of Physical Therapy and Rehabilitation,2023
Tokyo,edition::2023 2nd international conference on edge computing and applications (icecaa)::2023,2023 2nd International Conference on Edge Computing and Applications (ICECAA),2023
London,edition::community-built databases::2011,Community-Built Databases,2011
Barcelona,"edition::international conference on technological advances in electrical, electronics and computer engineering::2013","International Conference on Technological Advances in Electrical, Electronics and Computer Engineering",2013
Paris,edition::high performance visualization::2012,High Performance Visualization,2012
Singapore,edition::international journal of advanced computer science and applications::2022,International Journal of Advanced Computer Science and Applications,2022
Singapore,edition::international workshop on data warehousing and olap::2013,International Workshop on Data Warehousing and OLAP,2013
Berlin,edition::international conference on computational intelligence and communication networks::2011,International Conference on Computational Intelligence and Communication Networks,2011
London,edition::ieee workshop/winter conference on applications of computer vision::2017,IEEE Workshop/Winter Conference on Applications of Computer Vision,2017
Tokyo,edition::2024 international conference on automation and computation (autocom)::2024,2024 International Conference on Automation and Computation (AUTOCOM),2024
Sydney,edition::economics. law. innovaion::2021,Economics. Law. Innovaion,2021
Sydney,edition::international conference on artificial intelligence and soft computing::2023,International Conference on Artificial Intelligence and Soft Computing,2023
Barcelona,"edition::conference, emerging information technology 2005.::2005","Conference, Emerging Information Technology 2005.",2005
London,edition::international conference on signals and electronic systems::2021,International Conference on Signals and Electronic Systems,2021
Sydney,edition::research in international business and finance::2023,Research In International Business and Finance,2023
Tokyo,edition::acm international workshop on web information and data management::2003,ACM International Workshop on Web Information and Data Management,2003
London,edition::bulletin of the school of oriental and african studies::1987,Bulletin of the School of Oriental and African Studies,1987
Barcelona,edition::2010 second international workshop on education technology and computer science::2010,2010 Second International Workshop on Education Technology and Computer Science,2010
Paris,"edition::2023 international conference on research methodologies in knowledge management, artificial intelligence and telecommunication engineering (rmkmate)::2023","2023 International Conference on Research Methodologies in Knowledge Management, Artificial Intelligence and Telecommunication Engineering (RMKMATE)",2023
Paris,edition::bmc genomics::2015,BMC Genomics,2015
Singapore,edition::geoinformatics::2006,GEOINFORMATICS,2006
Paris,edition::journal of plant growth regulation::2015,Journal of Plant Growth Regulation,2015
Tokyo,edition::sankhya b::2017,Sankhya B,2017
Tokyo,"edition::ideas: jurnal pendidikan, sosial, dan budaya::2022","Ideas: Jurnal Pendidikan, Sosial, dan Budaya",2022
New York,"edition::proceedings of the first ieee international workshop on sensor network protocols and applications, 2003.::2003","Proceedings of the First IEEE International Workshop on Sensor Network Protocols and Applications, 2003.",2003
Singapore,edition::biorxiv::2021,bioRxiv,2021
Tokyo,edition::international journal of engineering and technology::2018,International journal of engineering and technology,2018
Paris,edition::international journal of vehicle systems modelling and testing::2020,International Journal of Vehicle Systems Modelling and Testing,2020
Sydney,edition::ieee power & energy society general meeting::2018,IEEE Power & Energy Society General Meeting,2018
Berlin,edition::perspectives on medical education::2013,Perspectives on Medical Education,2013
Singapore,edition::moscow university geology bulletin::2016,Moscow University Geology Bulletin,2016
Barcelona,edition::security and communication networks::2022,Security and Communication Networks,2022
Berlin,edition::stroke::2023,Stroke,2023
Paris,edition::1998 ieee second workshop on multimedia signal processing (cat. no.98ex175)::1998,1998 IEEE Second Workshop on Multimedia Signal Processing (Cat. No.98EX175),1998
New York,edition::ieee transactions on industry applications::2010,IEEE transactions on industry applications,2010
Singapore,edition::philosophical transactions of the royal society of london. series a: mathematical and physical sciences::1975,Philosophical transactions of the Royal Society of London. Series A: Mathematical and physical sciences,1975
London,edition::fifth international conference on advanced robotics 'robots in unstructured environments::1991,Fifth International Conference on Advanced Robotics 'Robots in Unstructured Environments,1991
Sydney,edition::heart::2014,Heart,2014
London,edition::photonics europe::2014,Photonics Europe,2014
Tokyo,edition::journal of physics: conference series::2023,Journal of Physics: Conference Series,2023
Singapore,edition::2026 5th international informatics and software engineering conference (iisec)::2026,2026 5th International Informatics and Software Engineering Conference (IISEC),2026
London,edition::wireless communications and mobile computing::2022,Wireless Communications and Mobile Computing,2022
Sydney,edition::pharmacoeconomics & outcomes news::2017,PharmacoEconomics & outcomes news,2017
Berlin,edition::malaysian journal of learning & instruction::2022,Malaysian journal of learning & instruction,2022
New York,edition::international conference on crowd science and engineering::2014,International Conference on Crowd Science and Engineering,2014
Singapore,edition::2010 ieee international conference on bioinformatics and biomedicine workshops (bibmw)::2010,2010 IEEE International Conference on Bioinformatics and Biomedicine Workshops (BIBMW),2010
Barcelona,edition::matec web of conferences::2019,MATEC Web of Conferences,2019
Singapore,"edition::proceedings of the 2nd international conference on economy, management and entrepreneurship (icoeme 2019)::2019","Proceedings of the 2nd International Conference on Economy, Management and Entrepreneurship (ICOEME 2019)",2019
London,edition::aiaa aviation 2022 forum::2022,AIAA AVIATION 2022 Forum,2022
London,"edition::proceedings of the 2nd international conference on mathematical statistics and economic analysis, msea 2023, may 26–28, 2023, nanjing, china::2023","Proceedings of the 2nd International Conference on Mathematical Statistics and Economic Analysis, MSEA 2023, May 26–28, 2023, Nanjing, China",2023
Berlin,edition::circulo de linguistica aplicada a la comunicacion::2020,CIRCULO de linguistica aplicada a la comunicacion,2020
Berlin,edition::other conferences::2024,Other Conferences,2024
London,"edition::2023 international conference on network, multimedia and information technology (nmitcon)::2023","2023 International Conference on Network, Multimedia and Information Technology (NMITCON)",2023
Berlin,edition::australian journal of agricultural and resource economics::2022,Australian Journal of Agricultural and Resource Economics,2022
Singapore,edition::other conferences::2023,Other Conferences,2023
Tokyo,edition::computational continuum mechanics::2020,Computational Continuum Mechanics,2020
Singapore,edition::third international workshop on hardware/software codesign::1994,Third International Workshop on Hardware/Software Codesign,1994
London,edition::2006 international telecommunications symposium::2006,2006 International Telecommunications Symposium,2006
Singapore,edition::ieee international workshop on multimedia signal processing::2014,IEEE International Workshop on Multimedia Signal Processing,2014
Sydney,edition::medrxiv::2021,medRxiv,2021
Barcelona,edition::machines::2023,Machines,2023
Paris,edition::2009 first workshop on hyperspectral image and signal processing: evolution in remote sensing::2009,2009 First Workshop on Hyperspectral Image and Signal Processing: Evolution in Remote Sensing,2009
London,edition::bmc neuroscience::2013,BMC Neuroscience,2013
New York,edition::journal of the geological society of india::2014,Journal of the Geological Society of India,2014
Paris,"edition::proceedings of the 3rd international conference on public administration and governance, icopag 2024, 30 october 2024, malang, indonesia::2025","Proceedings of the 3rd International Conference on Public Administration and Governance, ICOPAG 2024, 30 October 2024, Malang, Indonesia",2025
Tokyo,edition::earth system science data::2018,Earth System Science Data,2018
Barcelona,edition::dharmas education journal (de_journal)::2021,Dharmas Education Journal (DE_Journal),2021
Paris,edition::review of agricultural and applied economics::2019,Review of Agricultural and Applied Economics,2019
Tokyo,edition::journal of clinical and nursing research::2022,Journal of Clinical and Nursing Research,2022
Sydney,edition::2023 ieee/cvf conference on computer vision and pattern recognition workshops (cvprw)::2023,2023 IEEE/CVF Conference on Computer Vision and Pattern Recognition Workshops (CVPRW),2023
Tokyo,"edition::international journal on advanced science, engineering and information technology::2021","International Journal on Advanced Science, Engineering and Information Technology",2021
Singapore,edition::hernia::2010,Hernia,2010
Berlin,edition::inflammation::2011,Inflammation,2011
Barcelona,"edition::long island systems, applications and technology conference::2018","Long Island Systems, Applications and Technology Conference",2018
New York,edition::social science research network::2019,Social Science Research Network,2019
New York,edition::journal of sport management::2022,Journal of Sport Management,2022
Sydney,edition::frontiers in earth science::2021,Frontiers in Earth Science,2021
Singapore,"edition::emc europe 2004, international symposium on electromagnetic compatibility::2004","EMC Europe 2004, International Symposium on Electromagnetic Compatibility",2004
Singapore,edition::international journal of technology::2018,International Journal of Technology,2018
Berlin,"edition::2025 3rd international conference on iot, communication and automation technology (icicat)::2025","2025 3rd International Conference on IoT, Communication and Automation Technology (ICICAT)",2025
London,edition::water::2022,Water,2022
Sydney,edition::mathematical methods of statistics::2013,Mathematical Methods of Statistics,2013
Paris,edition::ecoscience::2018,Ecoscience,2018
Barcelona,edition::jurnal basis::2019,JURNAL BASIS,2019
Berlin,edition::public organization review::2020,Public Organization Review,2020
Tokyo,edition::2023 international conference on self sustainable artificial intelligence systems (icssas)::2023,2023 International Conference on Self Sustainable Artificial Intelligence Systems (ICSSAS),2023
London,edition::2024 ieee international conference on communications workshops (icc workshops)::2024,2024 IEEE International Conference on Communications Workshops (ICC Workshops),2024
Tokyo,"edition::environment, development and sustainability::2020","Environment, Development and Sustainability",2020
Berlin,edition::proceedings of the royal society a::2008,Proceedings of the Royal Society A,2008
Sydney,edition::2019 international conference on intelligent informatics and biomedical sciences (iciibms)::2019,2019 International Conference on Intelligent Informatics and Biomedical Sciences (ICIIBMS),2019
Sydney,edition::international workshop on complex networks & their applications::2020,International Workshop on Complex Networks & Their Applications,2020
New York,edition::journal of economic inequality::2017,Journal of Economic Inequality,2017
Barcelona,edition::journal of cardiac failure::2019,Journal of Cardiac Failure,2019
Berlin,edition::ieee international geoscience and remote sensing symposium::2025,IEEE International Geoscience and Remote Sensing Symposium,2025
Berlin,edition::oceans 2019 mts/ieee seattle::2019,OCEANS 2019 MTS/IEEE SEATTLE,2019
New York,edition::journal of investigative dermatology::2018,Journal of Investigative Dermatology,2018
Tokyo,"edition::international conference on remote sensing, environment and transportation engineering::2011","International Conference on Remote Sensing, Environment and Transportation Engineering",2011
Sydney,edition::iop conference series: earth and environment::2018,IOP Conference Series: Earth and Environment,2018
Sydney,edition::journal of solution chemistry::2022,Journal of Solution Chemistry,2022
Tokyo,edition::journal of coastal research::2018,Journal of Coastal Research,2018
Barcelona,edition::nature clinical practice gastroenterology &hepatology::2008,Nature Clinical Practice Gastroenterology &Hepatology,2008
Berlin,"edition::international conference on networking, sensing and control::2009","International Conference on Networking, Sensing and Control",2009
New York,edition::international symposium on applied machine intelligence and informatics::2021,International Symposium on Applied Machine Intelligence and Informatics,2021
London,edition::atmospheric and ocean optics::2021,Atmospheric and Ocean Optics,2021
Sydney,edition::ieee international conference on mobile adhoc and sensor systems::2023,IEEE International Conference on Mobile Adhoc and Sensor Systems,2023
Tokyo,edition::journal of physics d: applied physics::2018,Journal of Physics D: Applied Physics,2018
Berlin,edition::agricultural economics (zemědělská ekonomika)::2018,Agricultural Economics (Zemědělská ekonomika),2018
Berlin,edition::applied physics a::2016,Applied Physics A,2016
Barcelona,edition::spie optics + photonics::2006,SPIE Optics + Photonics,2006
New York,edition::2019 asee zone i conference &amp; workshop proceedings::2019,2019 ASEE Zone I Conference &amp; Workshop Proceedings,2019
Paris,edition::cartography and geographic information science::2022,Cartography and Geographic Information Science,2022
Singapore,edition::jurnal unitek::2022,JURNAL UNITEK,2022
Sydney,edition::parent training for disruptive behavior::2018,Parent Training for Disruptive Behavior,2018
Tokyo,edition::conference proceedings::2019,Conference proceedings,2019
New York,edition::journal of the indonesian society of integrated chemistry::2019,Journal of The Indonesian Society of Integrated Chemistry,2019
Sydney,edition::food security::2019,Food Security,2019
Tokyo,edition::journal of advertising research::2018,Journal of Advertising Research,2018
Sydney,edition::regional geology reviews::2019,Regional Geology Reviews,2019
Paris,"edition::ubiquitous computing, electronics & mobile communication conference::2025","Ubiquitous Computing, Electronics & Mobile Communication Conference",2025
Singapore,edition::ekonomika a spoločnosť::2022,Ekonomika a spoločnosť,2022
Singapore,edition::turkish journal of agriculture - food science and technology::2021,Turkish Journal of Agriculture - Food Science and Technology,2021
Sydney,edition::workshop on cognitive aspects of the lexicon::2024,Workshop on Cognitive Aspects of the Lexicon,2024
Singapore,edition::geophysics::2018,Geophysics,2018
Berlin,edition::loughborough antennas and propagation conference::2010,Loughborough Antennas and Propagation Conference,2010
Singapore,edition::medical mycology::2022,Medical Mycology,2022
Singapore,edition::international journal of geotechnical engineering::2019,International Journal of Geotechnical Engineering,2019
Singapore,edition::2022 ieee nigeria 4th international conference on disruptive technologies for sustainable development (nigercon)::2022,2022 IEEE Nigeria 4th International Conference on Disruptive Technologies for Sustainable Development (NIGERCON),2022
Tokyo,edition::proceedings of the 30th international conference on computer graphics and machine vision (graphicon 2020). part 2::2020,Proceedings of the 30th International Conference on Computer Graphics and Machine Vision (GraphiCon 2020). Part 2,2020
Singapore,edition::mineralogical magazine::1979,Mineralogical magazine,1979
Paris,edition::international middle east power systems conference::2016,International Middle East Power Systems Conference,2016
Tokyo,edition::qualitative research in financial markets::2022,Qualitative Research in Financial Markets,2022
Tokyo,edition::[1990] proceedings. the twenty-second southeastern symposium on system theory::1990,[1990] Proceedings. The Twenty-Second Southeastern Symposium on System Theory,1990
Tokyo,edition::engineering and technology journal::2022,Engineering and Technology Journal,2022
Tokyo,edition::asia communications and photonics conference and exhibition::2009,Asia Communications and Photonics conference and Exhibition,2009
Berlin,edition::2023 ieee 4th china international youth conference on electrical engineering (ciycee)::2023,2023 IEEE 4th China International Youth Conference On Electrical Engineering (CIYCEE),2023
Tokyo,edition::journal of immunology::2015,Journal of Immunology,2015
Singapore,edition::chemické zvesti::2016,Chemické zvesti,2016
Sydney,edition::indonesian journal of agricultural research::2021,Indonesian Journal of Agricultural Research,2021
Paris,edition::journal of applied statistics::2019,Journal of Applied Statistics,2019
Singapore,edition::journal of geophysical research: atmospheres::2018,Journal of Geophysical Research: Atmospheres,2018
London,edition::proceedings of 2011 6th international forum on strategic technology::2011,Proceedings of 2011 6th International Forum on Strategic Technology,2011
London,edition::analytical chemistry::2002,Analytical Chemistry,2002
Tokyo,edition::linguistics and culture review::2021,Linguistics and Culture Review,2021
Tokyo,edition::2010 11th specialist meeting on microwave radiometry and remote sensing of the environment::2010,2010 11th Specialist Meeting on Microwave Radiometry and Remote Sensing of the Environment,2010
Tokyo,edition::clinical phytoscience::2022,Clinical Phytoscience,2022
Barcelona,edition::2025 international conference on sustainable communication networks and application (icscn)::2025,2025 International Conference on Sustainable Communication Networks and Application (ICSCN),2025
Singapore,edition::feminist economics::2022,Feminist Economics,2022
Paris,edition::international journal of health sciences::2021,International Journal of Health Sciences,2021
Sydney,edition::earthquake engineering and engineering vibration::2019,Earthquake Engineering and Engineering Vibration,2019
Singapore,edition::inflammatory bowel diseases::2010,Inflammatory Bowel Diseases,2010
Sydney,edition::international journal of agricultural economics::2020,International Journal of Agricultural Economics,2020
London,edition::cancer research::2022,Cancer Research,2022
London,edition::jurnal paedagogy::2021,Jurnal Paedagogy,2021
New York,edition::sustainability::2022,Sustainability,2022
Singapore,edition::conference on lasers and electro-optics::2002,Conference on Lasers and Electro-Optics,2002
Berlin,edition::american journal of epidemiology::2009,American Journal of Epidemiology,2009
Paris,edition::medrxiv::2024,medRxiv,2024
Berlin,edition::volume 2: advanced manufacturing::2025,Volume 2: Advanced Manufacturing,2025
Tokyo,edition::2025 ieee international conference on advanced systems and emergent technologies (ic_aset)::2025,2025 IEEE International Conference on Advanced Systems and Emergent Technologies (IC_ASET),2025
Paris,edition::letters in spatial and resource sciences::2022,Letters in spatial and resource sciences,2022
Singapore,edition::proceedings of 23rd scientific conference “scientific services & internet – 2021”::2021,Proceedings of 23rd Scientific Conference “Scientific Services & Internet – 2021”,2021
Singapore,edition::2006 2nd international conference on information & communication technologies::2006,2006 2nd International Conference on Information & Communication Technologies,2006
London,edition::journal of immunology::2011,Journal of Immunology,2011
Berlin,edition::efsa supporting publications::2019,EFSA Supporting Publications,2019
London,edition::international conference on power electronics and artificial intelligence::2025,International Conference on Power Electronics and Artificial Intelligence,2025
Sydney,edition::conference on designing for user experiences::2018,Conference on Designing for User eXperiences,2018
Berlin,edition::advances in data mining and database management::2018,Advances in Data Mining and Database Management,2018
Paris,edition::telemedicine journal and e-health::2022,Telemedicine journal and e-health,2022
Tokyo,edition::european annals of otorhinolaryngology head and neck diseases::2016,European Annals of Otorhinolaryngology Head and Neck Diseases,2016
Berlin,edition::chemcatchem::2020,ChemCatChem,2020
Berlin,edition::international symposium on multispectral image processing and pattern recognition::2009,International Symposium on Multispectral Image Processing and Pattern Recognition,2009
Tokyo,edition::atmospheric and ocean optics::2004,Atmospheric and Ocean Optics,2004
Barcelona,edition::journal of low temperature physics::2020,Journal of Low Temperature Physics,2020
New York,edition::international conference on contemporary computing::2025,International Conference on Contemporary Computing,2025
Singapore,edition::2024 second international conference on data science and information system (icdsis)::2024,2024 Second International Conference on Data Science and Information System (ICDSIS),2024
Sydney,edition::research technology management::2022,Research technology management,2022
Barcelona,edition::international journal for research in applied science and engineering technology::2022,International Journal for Research in Applied Science and Engineering Technology,2022
London,edition::open information science::2020,Open Information Science,2020
New York,edition::journal of applied remote sensing::2020,Journal of Applied Remote Sensing,2020
Sydney,edition::international conference on graphic and image processing::2011,International Conference on Graphic and Image Processing,2011
Singapore,edition::jurnal pendidikan teknologi dan kejuruan::2018,Jurnal Pendidikan Teknologi dan Kejuruan,2018
Paris,edition::journal of physics: conference series::2021,Journal of Physics: Conference Series,2021
Tokyo,edition::batteries::2023,Batteries,2023
Paris,edition::youth academic annual conference of chinese association of automation::2024,Youth Academic Annual Conference of Chinese Association of Automation,2024
London,edition::ra journal of applied research::2022,RA Journal Of Applied Research,2022
New York,edition::innovare journal of medical sciences::2021,Innovare Journal of Medical Sciences,2021
London,edition::2023 3rd international conference on innovative practices in technology and management (iciptm)::2023,2023 3rd International Conference on Innovative Practices in Technology and Management (ICIPTM),2023
Paris,edition::international journal of emerging trends in engineering research::2020,International Journal of Emerging Trends in Engineering Research,2020
Sydney,edition::2025 5th international conference on expert clouds and applications (icoeca)::2025,2025 5th International Conference on Expert Clouds and Applications (ICOECA),2025
Berlin,edition::quarterly journal of the royal meteorological society::2020,Quarterly Journal of the Royal Meteorological Society,2020
Singapore,edition::ieee spectrum::1978,IEEE spectrum,1978
London,edition::journal of petroleum technology::2022,Journal of Petroleum Technology,2022
New York,edition::indian journal of computer science and engineering::2021,Indian Journal of Computer Science and Engineering,2021
Singapore,edition::international journal of population data science::2018,International Journal of Population Data Science,2018
New York,edition::archives of virology::2017,Archives of Virology,2017
Barcelona,edition::microscopy and microanalysis::2018,Microscopy and Microanalysis,2018
Singapore,edition::lecture notes in electrical engineering::2018,Lecture Notes in Electrical Engineering,2018
Tokyo,edition::frontiers of chemical science and engineering::2022,Frontiers of Chemical Science and Engineering,2022
New York,edition::critical social policy::2019,Critical Social Policy,2019
Sydney,edition::2016 30th international conference on advanced information networking and applications workshops (waina)::2016,2016 30th International Conference on Advanced Information Networking and Applications Workshops (WAINA),2016
Barcelona,"edition::2022 international conference on intelligent technology, system and service for internet of everything (itss-ioe)::2022","2022 International Conference on Intelligent Technology, System and Service for Internet of Everything (ITSS-IoE)",2022
London,edition::international conference computing methodologies and communication::2020,International Conference Computing Methodologies and Communication,2020
Berlin,edition::applied sciences::2018,Applied Sciences,2018
New York,edition::the social science::2022,The social science,2022
Sydney,edition::2022 2nd international conference on electronic information technology and smart agriculture (iceitsa)::2022,2022 2nd International Conference on Electronic Information Technology and Smart Agriculture (ICEITSA),2022
Singapore,edition::international journal of humanities and social sciences::2020,International journal of humanities and social sciences,2020
Paris,edition::advances in library and information science::2021,Advances in Library and Information Science,2021
Singapore,edition::nature physics::2011,Nature Physics,2011
Singapore,edition::frontiers of engineering management::2019,Frontiers of Engineering Management,2019
Sydney,edition::international conference on information science and engineering::2019,International Conference on Information Science and Engineering,2019
Singapore,edition::intelligent and fuzzy techniques in big data analytics and decision making::2019,Intelligent and Fuzzy Techniques in Big Data Analytics and Decision Making,2019
London,edition::aeronautics and aerospace open access journal::2019,Aeronautics and Aerospace Open Access Journal,2019
Berlin,edition::sustainability::2018,Sustainability,2018
Paris,"edition::2022 smart technologies, communication and robotics (stcr)::2022","2022 Smart Technologies, Communication and Robotics (STCR)",2022
Sydney,edition::american statistician::2019,American Statistician,2019
Tokyo,edition::caml review / revue de l acbm::2001,CAML Review / Revue de l ACBM,2001
Tokyo,edition::european journal of training and development::2019,European Journal of Training and Development,2019
Tokyo,edition::2024 international conference on advances in electrical engineering and computer applications (aeeca)::2024,2024 International Conference on Advances in Electrical Engineering and Computer Applications (AEECA),2024
Tokyo,edition::proceedings of the 2024 9th international conference on cyber security and information engineering::2024,Proceedings of the 2024 9th International Conference on Cyber Security and Information Engineering,2024
Berlin,edition::the aesthetics and politics of the online self::2016,The Aesthetics and Politics of the Online Self,2016
New York,edition::advanced computing in industrial mathematics::2017,Advanced Computing in Industrial Mathematics,2017
New York,edition::physics in perspective::2016,Physics in Perspective,2016
New York,edition::live campaigns::2018,Live Campaigns,2018
Barcelona,edition::journal of transport geography::2021,Journal of Transport Geography,2021
Singapore,edition::acm cloud and autonomic computing conference::2024,ACM Cloud and Autonomic Computing Conference,2024
New York,edition::2020 international conference on educational training and educational phenomena (icetep2020)::2020,2020 International Conference on Educational Training and Educational Phenomena (ICETEP2020),2020
Sydney,edition::2019 ieee 8th international conference on advanced power system automation and protection (apap)::2019,2019 IEEE 8th International Conference on Advanced Power System Automation and Protection (APAP),2019
Singapore,edition::sustainability::2023,Sustainability,2023
Tokyo,edition::journal of animal science::2021,Journal of Animal Science,2021
Sydney,edition::journal of southern hemisphere earth systems science::2020,Journal of Southern Hemisphere Earth Systems Science,2020
Barcelona,edition::bandung conference series: statistics::2022,Bandung Conference Series: Statistics,2022
New York,"edition::proceedings of the 2022 international conference on computer science, information engineering and digital economy (csiede 2022)::2022","Proceedings of the 2022 International Conference on Computer Science, Information Engineering and Digital Economy (CSIEDE 2022)",2022
Sydney,edition::proceedings of the international conference on policies and economics measures for agricultural development (agrodeveco 2020)::2020,Proceedings of the International Conference on Policies and Economics Measures for Agricultural Development (AgroDevEco 2020),2020
Barcelona,edition::2022 2nd international conference on big data engineering and education (bdee)::2022,2022 2nd International Conference on Big Data Engineering and Education (BDEE),2022
Barcelona,edition::hydrology and earth system sciences::2020,Hydrology and Earth System Sciences,2020
Barcelona,edition::al-ishlah: jurnal pendidikan::2022,AL-ISHLAH: Jurnal Pendidikan,2022
Tokyo,edition::ieee transactions on applied superconductivity::2016,IEEE transactions on applied superconductivity,2016
London,edition::international journal of recent technology and engineering::2019,International journal of recent technology and engineering,2019
London,edition::intersections::2019,Intersections,2019
Sydney,edition::china economic review::2017,China economic review,2017
Berlin,edition::data intensive storage services for cloud environments::2013,Data Intensive Storage Services for Cloud Environments,2013
New York,edition::chinese control and decision conference::2020,Chinese Control and Decision Conference,2020
Paris,"edition::international conference on computing, communication and automation::2021","International Conference on Computing, Communication and Automation",2021
Berlin,"edition::ieee uttar pradesh section international conference on electrical, computer and electronics engineering::2022","IEEE Uttar Pradesh Section International Conference on Electrical, Computer and Electronics Engineering",2022
Paris,edition::ecs transactions::2022,ECS Transactions,2022
Sydney,edition::journal of computer science::2019,Journal of Computer Science,2019
Barcelona,edition::headache::2014,Headache,2014
London,edition::international journal of innovative technology and exploring engineering::2020,International Journal of Innovative Technology and Exploring Engineering,2020
Singapore,"edition::ieee symposium on business, engineering and industrial applications::2011","IEEE Symposium on Business, Engineering and Industrial Applications",2011
New York,edition::2024 ivannikov memorial workshop (ivmem)::2024,2024 Ivannikov Memorial Workshop (IVMEM),2024
Sydney,edition::international conference on electrical engineering and informatics::2017,International Conference on Electrical Engineering and Informatics,2017
Paris,edition::muhammadiyah international public health and medicine proceeding::2021,Muhammadiyah International Public Health and Medicine Proceeding,2021
Barcelona,edition::engineering headway::2026,Engineering Headway,2026
Tokyo,edition::aina workshops::2019,AINA Workshops,2019
Singapore,edition::jurnal ilmiah teunuleh::2021,Jurnal Ilmiah Teunuleh,2021
Tokyo,edition::2023 international conference on artificial intelligence for innovations in healthcare industries (icaiihi)::2023,2023 International Conference on Artificial Intelligence for Innovations in Healthcare Industries (ICAIIHI),2023
Tokyo,"edition::proceedings of the proceedings of 1st workshop on environmental science, society, and technology, westech 2018, december 8th, 2018, medan, indonesia::2019","Proceedings of the Proceedings of 1st Workshop on Environmental Science, Society, and Technology, WESTECH 2018, December 8th, 2018, Medan, Indonesia",2019
Sydney,edition::2021 international conference on big data analysis and computer science (bdacs)::2021,2021 International Conference on Big Data Analysis and Computer Science (BDACS),2021
Paris,edition::2020 6th international conference on big data and information analytics (bigdia)::2020,2020 6th International Conference on Big Data and Information Analytics (BigDIA),2020
Paris,edition::ieee conference on industrial electronics and applications::2007,IEEE Conference on Industrial Electronics and Applications,2007
Singapore,edition::sirius - zeitschrift für strategische analysen::2022,SIRIUS - Zeitschrift für Strategische Analysen,2022
Barcelona,edition::grenek music journal::2018,Grenek Music Journal,2018
New York,edition::synthesis lectures on communications::2012,Synthesis Lectures on Communications,2012
Berlin,edition::international journal of electrical and computer engineering (ijece)::2021,International Journal of Electrical and Computer Engineering (IJECE),2021
Paris,edition::social science research network::2014,Social Science Research Network,2014
Tokyo,edition::anais do brazilian e-science workshop (bresci)::2018,Anais do Brazilian e-Science Workshop (BreSci),2018
Paris,edition::tecciencia::2020,TECCIENCIA,2020
New York,edition::international conference civil engineering and architecture::2024,International Conference Civil Engineering and Architecture,2024
Singapore,edition::2022 moscow workshop on electronic and networking technologies (mwent)::2022,2022 Moscow Workshop on Electronic and Networking Technologies (MWENT),2022
London,"edition::2018 international conference on information , communication, engineering and technology (icicet)::2018","2018 International Conference on Information , Communication, Engineering and Technology (ICICET)",2018
Tokyo,edition::smart::2016,SMART,2016
New York,edition::international journal of emerging trends in social sciences::2019,International Journal of Emerging Trends in Social Sciences,2019
Barcelona,edition::conference on industrial electronics and applications::2021,Conference on Industrial Electronics and Applications,2021
Tokyo,edition::applied sciences::2019,Applied Sciences,2019
Sydney,"edition::international conference on intelligent transportation, big data and smart city::2019","International Conference on Intelligent Transportation, Big Data and Smart City",2019
Tokyo,edition::2022 international conference on artificial intelligence and autonomous robot systems (aiars)::2022,2022 International Conference on Artificial Intelligence and Autonomous Robot Systems (AIARS),2022
Sydney,edition::international conferences on innovation in artificial intelligence::2018,International Conferences on Innovation in Artificial Intelligence,2018
Paris,edition::advances in building energy research::2020,Advances in Building Energy Research,2020
Barcelona,"edition::international symposium on robotics, artificial intelligence, and information engineering::2022","International Symposium on Robotics, Artificial Intelligence, and Information Engineering",2022
Barcelona,edition::genome biology::2019,Genome Biology,2019
Paris,edition::other conferences::2021,Other Conferences,2021
Singapore,edition::encyclopedia of big data technologies::2019,Encyclopedia of Big Data Technologies,2019
Sydney,edition::elipsoida::2018,Elipsoida,2018
Tokyo,edition::ieee joint international information technology and artificial intelligence conference::2019,IEEE Joint International Information Technology and Artificial Intelligence Conference,2019
Tokyo,edition::the journal of environmental education::2021,The Journal of Environmental Education,2021
Singapore,edition::advances in intelligent systems and computing::2018,Advances in Intelligent Systems and Computing,2018
Barcelona,edition::big earth data::2022,Big Earth Data,2022
Barcelona,"edition::2018 eleventh international conference ""management of large-scale system development"" (mlsd::2018","2018 Eleventh International Conference ""Management of large-scale system development"" (MLSD",2018
Singapore,edition::vidya karya::2018,Vidya Karya,2018
Sydney,edition::iop conference series: earth and environment::2020,IOP Conference Series: Earth and Environment,2020
Tokyo,edition::journal of it cases and applications::2021,Journal of IT Cases and Applications,2021
Tokyo,"edition::proceedings of the 2020 4th international seminar on education, management and social sciences (isemss 2020)::2020","Proceedings of the 2020 4th International Seminar on Education, Management and Social Sciences (ISEMSS 2020)",2020
London,edition::sae technical paper series::2024,SAE technical paper series,2024
London,edition::competition commission of india journal on competition law and policy::2022,Competition Commission of India Journal on Competition Law and Policy,2022
London,edition::revista eletrônica da educação::2021,Revista Eletrônica da Educação,2021
Berlin,edition::solar physics::2013,Solar Physics,2013
Barcelona,edition::journal of engineering for gas turbines and power::2019,Journal of Engineering For Gas Turbines and Power,2019
London,edition::medical imaging::2000,Medical Imaging,2000
Paris,edition::physiological zoology::1937,Physiological Zoology,1937
Tokyo,edition::i-manager's journal on computer science::2021,i-manager's Journal on Computer Science,2021
New York,edition::international conference on information control systems & technologies::2018,International Conference on Information Control Systems & Technologies,2018
Berlin,edition::ieee transactions on industrial informatics::2021,IEEE Transactions on Industrial Informatics,2021
Sydney,edition::discover food::2024,Discover Food,2024
Barcelona,edition::international workshop on signal processing advances in wireless communications::2023,International Workshop on Signal Processing Advances in Wireless Communications,2023
London,"edition::convergence of blockchain, ai, and iot::2021","Convergence of Blockchain, AI, and IoT",2021
New York,edition::international conference on big data computing service and applications::2022,International Conference on Big Data Computing Service and Applications,2022
London,edition::2015 ieee international conference on data mining workshop (icdmw)::2015,2015 IEEE International Conference on Data Mining Workshop (ICDMW),2015
Singapore,edition::philosophical literary journal logos::2022,Philosophical Literary Journal Logos,2022
Sydney,edition::inovasi manajemen dan kebijakan publik::2020,Inovasi Manajemen dan Kebijakan Publik,2020
Singapore,edition::crime prevention and justice in 2030::2020,Crime Prevention and Justice in 2030,2020
London,"edition::2019 ieee 3rd information technology, networking, electronic and automation control conference (itnec)::2019","2019 IEEE 3rd Information Technology, Networking, Electronic and Automation Control Conference (ITNEC)",2019
Singapore,edition::saudi journal of business and management studies::2019,Saudi Journal of Business and Management Studies,2019
London,edition::international journal of innovative technology and exploring engineering::2019,International Journal of Innovative Technology and Exploring Engineering,2019
Singapore,edition::the teacher of the future::2019,The teacher of the future,2019
Barcelona,edition::jom::2023,JOM,2023
Tokyo,edition::2021 international conference on electronic information engineering and computer science (eiecs)::2021,2021 International Conference on Electronic Information Engineering and Computer Science (EIECS),2021
Berlin,edition::proceedings of the 2019 international spbpu scientific conference on innovations in digital economy::2019,Proceedings of the 2019 International SPBPU Scientific Conference on Innovations in Digital Economy,2019
Sydney,"edition::2023 2nd international conference on cloud computing, big data application and software engineering (cbase)::2023","2023 2nd International Conference on Cloud Computing, Big Data Application and Software Engineering (CBASE)",2023
Barcelona,"edition::2023 third international conference on advances in electrical, computing, communication and sustainable technologies (icaect)::2023","2023 Third International Conference on Advances in Electrical, Computing, Communication and Sustainable Technologies (ICAECT)",2023
Paris,edition::pediatric hematology & oncology::2011,Pediatric Hematology & Oncology,2011
Sydney,edition::health science inquiry::2019,Health Science Inquiry,2019
Sydney,edition::2014 ieee symposium on computer applications and communications::2014,2014 IEEE Symposium on Computer Applications and Communications,2014
London,edition::smart structures and materials + nondestructive evaluation and health monitoring::2023,Smart Structures and Materials + Nondestructive Evaluation and Health Monitoring,2023
Singapore,edition::2025 international conference on knowledge engineering and communication systems (ickecs)::2025,2025 International Conference on Knowledge Engineering and Communication Systems (ICKECS),2025
Paris,edition::2025 international conference on emerging trends in networks and computer communications (etncc)::2025,2025 International Conference on Emerging Trends in Networks and Computer Communications (ETNCC),2025
New York,edition::مجلة الجمعیة المصریة لنظم المعلومات وتکنولوجیا الحاسبات::2021,مجلة الجمعیة المصریة لنظم المعلومات وتکنولوجیا الحاسبات,2021
Sydney,edition::digital technologies and applications::2021,Digital Technologies and Applications,2021
Paris,edition::visión electrónica::2019,Visión electrónica,2019
Sydney,edition::advances in civil and industrial engineering::2019,Advances in Civil and Industrial Engineering,2019
Paris,edition::2016 ieee/acm 2nd international workshop on big data software engineering (bigdse)::2016,2016 IEEE/ACM 2nd International Workshop on Big Data Software Engineering (BIGDSE),2016
Singapore,edition::international conference on applications and techniques in cyber intelligence::2021,International Conference on Applications and Techniques in Cyber Intelligence,2021
Sydney,"edition::saturday, 16 june 2018::2018","Saturday, 16 JUNE 2018",2018
Sydney,edition::vnu journal of science computer science and communication engineering::2021,VNU Journal of Science Computer Science and Communication Engineering,2021
Paris,edition::ieee pes asia-pacific power and energy engineering conference::2014,IEEE PES Asia-Pacific Power and Energy Engineering Conference,2014
Barcelona,edition::high-performance modelling and simulation for big data applications::2019,High-Performance Modelling and Simulation for Big Data Applications,2019
New York,edition::international journal of information technology and computer science::2019,International Journal of Information Technology and Computer Science,2019
Sydney,edition::tawazun: jurnal pendidikan islam::2019,Tawazun: Jurnal Pendidikan Islam,2019
Sydney,edition::journal of coastal research::2019,Journal of Coastal Research,2019
London,edition::2021 5th international conference on trends in electronics and informatics (icoei)::2021,2021 5th International Conference on Trends in Electronics and Informatics (ICOEI),2021
Barcelona,edition::studies in nonlinear dynamics &amp; econometrics::2023,Studies in Nonlinear Dynamics &amp; Econometrics,2023
Barcelona,edition::marketing letters::2020,Marketing letters,2020
Barcelona,edition::international conference on the digital society::2024,International Conference on the Digital Society,2024
Barcelona,edition::bulletin of social informatics theory and application::2019,Bulletin of Social Informatics Theory and Application,2019
Paris,edition::2020 6th iranian conference on signal processing and intelligent systems (icspis)::2020,2020 6th Iranian Conference on Signal Processing and Intelligent Systems (ICSPIS),2020
Tokyo,edition::anais do(a) congresso internacional de direitos humanos de coimbra::2023,Anais do(a) Congresso Internacional de Direitos Humanos de Coimbra,2023
Sydney,edition::alzheimer's & dementia::2019,Alzheimer's & Dementia,2019
New York,edition::inverse problems::2021,Inverse Problems,2021
Sydney,edition::bulletin of the school of oriental and african studies::1993,Bulletin of the School of Oriental and African Studies,1993
Barcelona,"edition::2025 international conference on algorithm, artificial intelligence and computer vision (aaicv)::2025","2025 International Conference on Algorithm, Artificial Intelligence and Computer Vision (AAICV)",2025
Paris,edition::auditing::2020,Auditing,2020
Barcelona,edition::jurnal eksplorasi akuntansi::2022,JURNAL EKSPLORASI AKUNTANSI,2022
London,"edition::2025 international conference on computer science, technology and engineering (iccste)::2025","2025 International Conference on Computer Science, Technology and Engineering (ICCSTE)",2025
Barcelona,edition::service business: an international journal::2021,Service Business: An International Journal,2021
Singapore,edition::aoir selected papers of internet research::2021,AoIR Selected Papers of Internet Research,2021
Berlin,edition::new media & society::2019,New Media & Society,2019
Barcelona,edition::vestnik of saint petersburg university. international relations::2022,Vestnik of Saint Petersburg University. International relations,2022
Barcelona,edition::current issues in personality psychology::2020,Current Issues in Personality Psychology,2020
Berlin,edition::mobile information systems::2022,Mobile Information Systems,2022
Sydney,edition::formula 4.0 for digital transformation::2018,Formula 4.0 for Digital Transformation,2018
Barcelona,edition::international journal of engineering technology and management sciences::2020,International Journal of Engineering Technology and Management Sciences,2020
Paris,"edition::economics, taxes &amp; law::2023","Economics, taxes &amp; law",2023
Sydney,edition::international journal of sustainable development and planning::2023,International Journal of Sustainable Development and Planning,2023
Paris,edition::frontiers in earth science::2023,Frontiers in Earth Science,2023
Paris,edition::2021 2nd international conference on artificial intelligence and education (icaie)::2021,2021 2nd International Conference on Artificial Intelligence and Education (ICAIE),2021
Barcelona,edition::international conference on transportation information and safety::2023,International Conference on Transportation Information and Safety,2023
New York,edition::international conference on frontiers of educational technologies::2019,International Conference on Frontiers of Educational Technologies,2019
Berlin,edition::inverse problems and imaging::2019,Inverse Problems and Imaging,2019
Tokyo,edition::2022 international conference on knowledge engineering and communication systems (ickes)::2022,2022 International Conference on Knowledge Engineering and Communication Systems (ICKES),2022
Tokyo,edition::congresso brasileiro de mecânica dos solos e engenharia geotécnica::2020,Congresso Brasileiro de Mecânica dos Solos e Engenharia Geotécnica,2020
Paris,edition::vestnik tomskogo gosudarstvennogo universiteta kul turologiya i iskusstvovedenie::2022,Vestnik Tomskogo gosudarstvennogo universiteta Kul turologiya i iskusstvovedenie,2022
New York,edition::international journal of operations & production management::2019,International Journal of Operations & Production Management,2019
London,edition::european journal of sustainable development::2018,European Journal of Sustainable Development,2018
New York,edition::information security practice and experience::2020,Information Security Practice and Experience,2020
New York,"edition::2017 international conference on computer systems, electronics and control (iccsec)::2017","2017 International Conference on Computer Systems, Electronics and Control (ICCSEC)",2017
Berlin,edition::genitourinary medicine::1997,Genitourinary medicine,1997
Sydney,edition::big data intelligence for smart applications::2022,Big Data Intelligence for Smart Applications,2022
Barcelona,edition::2020 5th ieee international conference on big data analytics (icbda)::2020,2020 5th IEEE International Conference on Big Data Analytics (ICBDA),2020
London,edition::2016 ieee international conference on knowledge engineering and applications (ickea)::2016,2016 IEEE International Conference on Knowledge Engineering and Applications (ICKEA),2016
Paris,edition::clinical infectious diseases::2015,Clinical Infectious Diseases,2015
Barcelona,edition::journal of risk analysis and crisis response (jracr)::2022,Journal of Risk Analysis and Crisis Response (JRACR),2022
Tokyo,edition::journal of korea research association of international commerce::2019,Journal of Korea Research Association of International Commerce,2019
London,"edition::2017 3rd international conference on control, automation and robotics (iccar)::2017","2017 3rd International Conference on Control, Automation and Robotics (ICCAR)",2017
Tokyo,edition::2025 international conference on computing technologies & data communication (icctdc)::2025,2025 International Conference on Computing Technologies & Data Communication (ICCTDC),2025
Sydney,"edition::international journal of business, management and economics::2021","International Journal of Business, Management and Economics",2021
Berlin,edition::molecular and cellular biology / genetics::2019,Molecular and Cellular Biology / Genetics,2019
London,edition::journal für verbraucherschütz und lebensmittelsicherheit::2010,Journal für Verbraucherschütz und Lebensmittelsicherheit,2010
Berlin,edition::the handbook of china's financial system::2020,The Handbook of China's Financial System,2020
Tokyo,edition::journal of plant nutrition::2020,Journal of plant nutrition,2020
Paris,edition::journal of the institution of engineers (india) series d::2021,Journal of The Institution of Engineers (India) Series D,2021
London,edition::artery research::2017,Artery Research,2017
New York,edition::the future life of trauma::2020,The Future Life of Trauma,2020
Sydney,"edition::saturday, 15 june 2019::2019","SATURDAY, 15 JUNE 2019",2019
Singapore,edition::journal of urbanism: international research on placemaking and urban sustainability::2021,Journal of Urbanism: International Research on Placemaking and Urban Sustainability,2021
Singapore,edition::ieee international conference on grey systems and intelligent services::2009,IEEE International Conference on Grey systems and Intelligent Services,2009
Singapore,edition::journal of food and nutrition research::2018,Journal of Food and Nutrition Research,2018
Sydney,edition::life after privacy::2020,Life after Privacy,2020
Paris,edition::jornal de pediatria::2017,Jornal de Pediatria,2017
London,"edition::proceedings of the 48th international academic conference, copenhagen::2019","Proceedings of the 48th International Academic Conference, Copenhagen",2019
Paris,edition::landslides::2021,Landslides,2021
Berlin,"edition::slavic review: interdisciplinary quarterly of russian, eurasian, and east european studies::1992","Slavic Review: Interdisciplinary Quarterly of Russian, Eurasian, and East European Studies",1992
Paris,edition::pharmacoeconomics & outcomes news::2013,PharmacoEconomics & outcomes news,2013
Berlin,edition::optical and quantum electronics::2020,Optical and quantum electronics,2020
Barcelona,edition::bmj open::2021,BMJ Open,2021
New York,edition::journal of neuroengineering and rehabilitation::2021,Journal of NeuroEngineering and Rehabilitation,2021
Tokyo,edition::optoelectronics letters::2016,Optoelectronics Letters,2016
Barcelona,edition::international conference on industrial technology::2015,International Conference on Industrial Technology,2015
London,edition::in the shadow of the epidemic::2020,In the Shadow of the Epidemic,2020
Barcelona,edition::scientific investigations report::2020,Scientific Investigations Report,2020
Tokyo,edition::european workshop on optical fibre sensors::2016,European Workshop on Optical Fibre Sensors,2016
London,edition::chen yi::2020,Chen Yi,2020
Barcelona,edition::journal of high energy physics::2017,Journal of High Energy Physics,2017
Singapore,edition::iop conference series: materials science and engineering::2018,IOP Conference Series: Materials Science and Engineering,2018
Singapore,edition::international symposium on optomechatronic technologies::2010,International Symposium on Optomechatronic Technologies,2010
Tokyo,edition::hormones::2014,HORMONES,2014
London,edition::modern network technologies::2024,Modern Network technologies,2024
Barcelona,edition::applied mathematics and mechanics::2012,Applied Mathematics and Mechanics,2012
Sydney,edition::definitions::2020,Definitions,2020
Barcelona,edition::akuntabilitas::2020,Akuntabilitas,2020
Barcelona,edition::sexually transmitted diseases::2014,Sexually Transmitted Diseases,2014
New York,edition::international conference on optoelectronic and microelectronic technology and application::2020,International Conference on Optoelectronic and Microelectronic Technology and Application,2020
Singapore,edition::aerosol and air quality research::2013,Aerosol and Air Quality Research,2013
Sydney,edition::geomagnetism and aeronomy::2014,Geomagnetism and Aeronomy,2014
Sydney,edition::paripex-indian journal of research::2022,PARIPEX-INDIAN JOURNAL OF RESEARCH,2022
Tokyo,edition::optics communications::2020,Optics Communications,2020
Barcelona,edition::college literature::2020,College Literature,2020
Barcelona,edition::biorxiv::2024,bioRxiv,2024
Sydney,edition::business and economic research::2020,Business and Economic Research,2020
Singapore,edition::advances in design and control::2012,Advances in design and control,2012
Sydney,edition::2020 the 4th international conference on business and information management::2020,2020 The 4th International Conference on Business and Information Management,2020
Sydney,edition::journal of asian studies::1978,Journal of Asian Studies,1978
London,edition::comparative clinical pathology::2016,Comparative Clinical Pathology,2016
Tokyo,edition::resources for american literary study::2006,Resources for American Literary Study,2006
Sydney,edition::international and comparative law quarterly::1984,International and Comparative Law Quarterly,1984
London,edition::optics + photonics::2001,Optics + Photonics,2001
Barcelona,edition::child indicators research::2015,Child Indicators Research,2015
New York,edition::teorìâ ta metodika fìzičnogo vihovannâ::2021,Teorìâ ta Metodika Fìzičnogo Vihovannâ,2021
New York,edition::the cambridge law journal::1987,The Cambridge Law Journal,1987
Tokyo,edition::the creolization of theory::2020,The Creolization of Theory,2020
New York,edition::european heart journal::2019,European Heart Journal,2019
Singapore,edition::mathematics::2019,Mathematics,2019
Barcelona,edition::revista tecnología en marcha::2022,Revista Tecnología en Marcha,2022
Singapore,edition::revista bibliomar::2021,Revista Bibliomar,2021
New York,edition::medical herald of the south of russia::2019,Medical Herald of the South of Russia,2019
Tokyo,edition::journal of physics: conference series::2020,Journal of Physics: Conference Series,2020
Berlin,edition::2009 ieee globecom workshops::2009,2009 IEEE Globecom Workshops,2009
Barcelona,edition::progress in electromagnetics research letters::2020,Progress In Electromagnetics Research Letters,2020
Sydney,edition::journal of food measurement & characterization::2022,Journal of Food Measurement & Characterization,2022
Tokyo,edition::medrxiv::2020,medRxiv,2020
New York,edition::catena::2019,CATENA,2019
Berlin,edition::optics & photonics::1999,Optics & Photonics,1999
Tokyo,edition::annals of surgical oncology::2022,Annals of Surgical Oncology,2022
Singapore,edition::agile auditing::2021,Agile Auditing,2021
Tokyo,edition::indian journal of transplantation::2021,Indian Journal of Transplantation,2021
London,edition::aquatic ecology::2012,Aquatic Ecology,2012
London,edition::revista de la sociedad entomológica argentina::2019,Revista de la Sociedad Entomológica Argentina,2019
Berlin,edition::intertextual explorations in deuterocanonical and cognate literature::2019,Intertextual Explorations in Deuterocanonical and Cognate Literature,2019
Berlin,edition::journal of petroleum science and engineering::2018,Journal of Petroleum Science and Engineering,2018
Singapore,edition::journal of business-to-business marketing::2019,Journal of Business-to-Business Marketing,2019
Tokyo,edition::business history review::2006,Business History Review,2006
Tokyo,edition::european journal of soil science::2020,European Journal of Soil Science,2020
London,edition::applied physics a::2022,Applied Physics A,2022
Sydney,"edition::the handbook of race, ethnicity, crime, and justice::2018","The Handbook of Race, Ethnicity, Crime, and Justice",2018
Tokyo,edition::international journal of business technology and organizational behavior (ijbtob)::2022,International Journal of Business Technology and Organizational Behavior (IJBTOB),2022
New York,edition::communications in mathematics and statistics::2016,Communications in Mathematics and Statistics,2016
Barcelona,edition::conference record of ieee international symposium on electrical insulation::2006,Conference record of IEEE International Symposium on Electrical Insulation,2006
New York,edition::journal of thoracic disease::2019,Journal of Thoracic Disease,2019
London,edition::2008 10th anniversary international conference on transparent optical networks::2008,2008 10th Anniversary International Conference on Transparent Optical Networks,2008
Tokyo,edition::nature::1927,Nature,1927
Sydney,edition::ichthyological research::2009,Ichthyological Research,2009
Berlin,edition::applied mathematics and control sciences::2021,Applied Mathematics and Control Sciences,2021
Paris,edition::renewable energy::2020,Renewable Energy,2020
Berlin,edition::journal of pharmaceutical research international::2019,Journal of Pharmaceutical Research International,2019
Paris,edition::international conference on optical communications and networks::2023,International Conference on Optical Communications and Networks,2023
London,edition::tropical animal health and production::2016,Tropical Animal Health and Production,2016
Tokyo,edition::revista de economía y estadística::2022,Revista de Economía y Estadística,2022
Paris,edition::world health organization::1993,World Health Organization,1993
Sydney,edition::edinburgh medical journal::1916,Edinburgh medical journal,1916
London,"edition::sustainability accounting, management and policy journal::2020","Sustainability Accounting, Management and Policy Journal",2020
Paris,edition::down from olympus::2020,Down from Olympus,2020
Paris,edition::dialogue::1986,Dialogue,1986
Berlin,edition::british journal of pharmacology::2021,British Journal of Pharmacology,2021
Barcelona,edition::the classical review::1994,The Classical Review,1994
New York,edition::scientific reports::2018,Scientific Reports,2018
Tokyo,"edition::clinical respiratory physiology, exercise and functional imaging::2019","Clinical respiratory physiology, exercise and functional imaging",2019
Singapore,edition::hormone research in paediatrics::2006,Hormone Research in Paediatrics,2006
Barcelona,"edition::african journal of hospitality, tourism and leisure::2022","African Journal of Hospitality, Tourism and Leisure",2022
Berlin,edition::acs photonics::2019,ACS Photonics,2019
Sydney,edition::the godman and the sea::2020,The Godman and the Sea,2020
Singapore,edition::national association of korean local government studies::2023,National Association of Korean Local Government Studies,2023
Paris,edition::proceedings of 2011 ieee cie international conference on radar::2011,Proceedings of 2011 IEEE CIE International Conference on Radar,2011
Barcelona,edition::laboratoriums medizin::2014,Laboratoriums Medizin,2014
Sydney,edition::annals of public health reports::2020,Annals of Public Health Reports,2020
Berlin,edition::developments in petroleum science::2021,Developments in Petroleum Science,2021
Barcelona,edition::2013 ieee 8th conference on industrial electronics and applications (iciea)::2013,2013 IEEE 8th Conference on Industrial Electronics and Applications (ICIEA),2013
London,edition::crustaceana::2021,Crustaceana,2021
Berlin,edition::pediatrics::1965,Pediatrics,1965
New York,edition::administrative law::2019,Administrative Law,2019
Sydney,edition::2023 2nd international symposium on aerospace engineering and systems (isaes)::2023,2023 2nd International Symposium on Aerospace Engineering and Systems (ISAES),2023
Tokyo,edition::age of empires::2021,Age of Empires,2021
London,edition::optics communications::2019,Optics Communications,2019
Berlin,"edition::research in agriculture, livestock and fisheries::2019","Research in Agriculture, Livestock and Fisheries",2019
Tokyo,edition::the law of international organisations (third edition)::2020,The law of international organisations (third edition),2020
Tokyo,"edition::the complete letters of henry james, 1884–1886::2020","The Complete Letters of Henry James, 1884–1886",2020
Berlin,edition::biorxiv::2017,bioRxiv,2017
Berlin,edition::journal of modern optics::2018,Journal of Modern Optics,2018
Sydney,edition::natural hazards::2021,Natural Hazards,2021
New York,edition::kvasny prumysl::2022,Kvasny Prumysl,2022
Berlin,edition::optical engineering: the journal of spie::2023,Optical Engineering: The Journal of SPIE,2023
Paris,edition::international forum on research and technologies for society and industry leveraging a better tomorrow::2001,International Forum on Research and Technologies for Society and Industry Leveraging a better tomorrow,2001
Sydney,edition::the american journal of digestive diseases::2005,The American Journal of Digestive Diseases,2005
London,edition::international journal of current microbiology and applied sciences::2019,International Journal of Current Microbiology and Applied Sciences,2019
Singapore,edition::journal of sustainable finance & investment::2020,Journal of Sustainable Finance & Investment,2020
Barcelona,edition::clinical nutrition::2019,Clinical Nutrition,2019
London,edition::plant systematics and evolution::2017,Plant Systematics and Evolution,2017
New York,edition::international journal of vehicle structures and systems::2022,International Journal of Vehicle Structures and Systems,2022
New York,edition::pediatric research::1984,Pediatric Research,1984
London,edition::pediatrics in review::2012,Pediatrics in review,2012
Barcelona,edition::agronomy::2022,Agronomy,2022
Singapore,"edition::studies in systems, decision and control::2021","Studies in Systems, Decision and Control",2021
Paris,edition::international soil and water conservation research::2020,International Soil and Water Conservation Research,2020
New York,edition::reactions weekly::2021,Reactions weekly,2021
